日期,开盘,收盘,最高,最低,成交量,成交额,振幅,涨跌幅,涨跌额,换手率
2025-01-02,3931.82,3820.4,3934.2,3796.34,217898724,388636586639.3,3.5,-2.91,-114.51,0.66
2025-01-03,3825.24,3775.16,3835.94,3767.67,175342676,304322755435.9,1.79,-1.18,-45.24,0.53
2025-01-06,3775.99,3768.97,3788.85,3743.07,150946670,262803541116.2,1.21,-0.16,-6.19,0.46
2025-01-07,3760.87,3796.11,3797.6,3749.06,146455779,266855795347.4,1.29,0.72,27.14,0.45
2025-01-08,3781.26,3789.22,3810.74,3731.19,169166968,300965725432.7,2.1,-0.18,-6.89,0.51
2025-01-09,3780.73,3779.88,3795.26,3768.68,129794002,251486002819.8,0.7,-0.25,-9.34,0.39
2025-01-10,3778.89,3732.48,3786.81,3732.48,137523171,275354209064.3,1.44,-1.25,-47.4,0.42
2025-01-13,3704.44,3722.51,3737.89,3704.11,136446199,247861953196.7,0.91,-0.27,-9.97,0.42
2025-01-14,3728.56,3820.54,3826.64,3718.88,170664657,345461480063.6,2.89,2.63,98.03,0.52
2025-01-15,3810.04,3796.03,3816.83,3790.17,141475520,278850595531.7,0.7,-0.64,-24.51,0.43
2025-01-16,3812.19,3800.38,3842.95,3776.29,144505871,305734630771.3,1.76,0.11,4.35,0.44
2025-01-17,3788.37,3812.34,3831.64,3780.21,126621961,265437489593.6,1.35,0.31,11.96,0.39
2025-01-20,3835.3,3829.68,3858.67,3821.98,139581277,292175449108.6,0.96,0.45,17.34,0.42
2025-01-21,3850.36,3832.61,3850.91,3817.12,141218406,285073351693.4,0.88,0.08,2.93,0.43
2025-01-22,3823.94,3797.02,3823.94,3783.14,137255062,298745637551.4,1.06,-0.93,-35.59,0.42
2025-01-23,3829.05,3803.74,3864.26,3801.85,180569551,345198071113.9,1.64,0.18,6.72,0.55
2025-01-24,3793.85,3832.86,3847.6,3793.48,148971722,296474375469.1,1.42,0.77,29.12,0.45
2025-01-27,3836.96,3817.08,3852.0,3817.08,146670772,282940127540.6,0.91,-0.41,-15.78,0.45
2025-02-05,3844.7,3795.08,3844.7,3785.16,157168308,346016202025.2,1.56,-0.58,-22.0,0.48
2025-02-06,3789.61,3842.83,3843.49,3788.32,167288176,371891971101.4,1.45,1.26,47.75,0.51
2025-02-07,3844.06,3892.7,3919.35,3833.87,221857707,487381557078.2,2.22,1.3,49.87,0.67
2025-02-10,3898.1,3901.06,3906.37,3878.83,188903040,384968342874.3,0.71,0.21,8.36,0.57
2025-02-11,3905.16,3883.14,3905.16,3872.91,166574909,337866056115.9,0.83,-0.46,-17.92,0.51
2025-02-12,3875.96,3919.86,3920.72,3867.35,164228540,354830596297.9,1.37,0.95,36.72,0.5
2025-02-13,3913.9,3905.14,3939.2,3904.98,172485874,376473453306.6,0.87,-0.38,-14.72,0.52
2025-02-14,3900.83,3939.01,3942.04,3900.83,172976452,360974236854.4,1.06,0.87,33.87,0.53
2025-02-17,3954.41,3947.4,3955.9,3921.7,213588246,430929575563.2,0.87,0.21,8.39,0.65
2025-02-18,3942.58,3912.78,3965.42,3901.87,209425101,400186229940.7,1.61,-0.88,-34.62,0.64
2025-02-19,3906.22,3940.16,3943.67,3904.15,182829517,363680372562.7,1.01,0.7,27.38,0.56
2025-02-20,3934.65,3928.9,3940.68,3916.18,163895236,325972429362.6,0.62,-0.29,-11.26,0.5
2025-02-21,3938.05,3978.44,3981.05,3927.79,227400330,504645493577.1,1.36,1.26,49.54,0.69
2025-02-24,3972.48,3969.72,3995.95,3949.23,220810618,455088749684.5,1.17,-0.22,-8.72,0.67
2025-02-25,3933.64,3925.65,3955.43,3915.65,178108580,377981451250.4,1.0,-1.11,-44.07,0.54
2025-02-26,3931.84,3959.94,3960.33,3925.37,191062501,386458193762.6,0.89,0.87,34.29,0.58
2025-02-27,3961.06,3968.12,3973.93,3933.46,202887963,428272792667.6,1.02,0.21,8.18,0.62
2025-02-28,3950.19,3890.05,3972.48,3886.4,198104147,420308043450.1,2.17,-1.97,-78.07,0.6
2025-03-03,3899.7,3888.47,3930.0,3872.59,177623166,356057735014.0,1.48,-0.04,-1.58,0.54
2025-03-04,3865.99,3885.22,3890.42,3855.73,149850967,297739246802.3,0.89,-0.08,-3.25,0.46
2025-03-05,3887.8,3902.57,3906.42,3877.02,158652751,290860484504.9,0.76,0.45,17.35,0.48
2025-03-06,3923.38,3956.24,3964.49,3917.08,193960915,397419427642.7,1.21,1.38,53.67,0.59
2025-03-07,3944.91,3944.01,3967.07,3935.05,166732375,340626700285.5,0.81,-0.31,-12.23,0.51
2025-03-10,3945.58,3928.8,3949.14,3905.13,152765232,292574987480.9,1.12,-0.39,-15.21,0.46
2025-03-11,3890.43,3941.42,3941.42,3889.43,144754402,287480453119.8,1.32,0.32,12.62,0.44
2025-03-12,3946.86,3927.23,3953.61,3921.47,156732190,309627267364.8,0.82,-0.36,-14.19,0.48
2025-03-13,3925.74,3911.58,3939.29,3897.38,156536443,295173112579.6,1.07,-0.4,-15.65,0.48
2025-03-14,3919.62,4006.56,4014.16,3919.62,216139003,450895278803.0,2.42,2.43,94.98,0.66
2025-03-17,4020.64,3996.79,4021.73,3992.26,162202911,318904417418.3,0.74,-0.24,-9.77,0.49
2025-03-18,4011.78,4007.72,4016.87,3995.96,140208496,292739319544.6,0.52,0.27,10.93,0.43
2025-03-19,4004.83,4010.17,4025.3,3989.51,144419428,286075300795.3,0.89,0.06,2.45,0.44
2025-03-20,4011.06,3974.99,4012.04,3969.93,133754670,260020676825.8,1.05,-0.88,-35.18,0.41
2025-03-21,3966.51,3914.7,3983.15,3904.77,165905294,309348613935.4,1.97,-1.52,-60.29,0.5
2025-03-24,3916.11,3934.85,3938.18,3907.2,152234674,266051442612.7,0.79,0.51,20.15,0.46
2025-03-25,3937.9,3932.3,3946.36,3921.53,140475399,239246310985.8,0.63,-0.06,-2.55,0.43
2025-03-26,3930.21,3919.36,3942.03,3916.86,131164187,220943164486.2,0.64,-0.33,-12.94,0.4
2025-03-27,3911.38,3932.41,3952.99,3903.65,126793738,232173613774.0,1.26,0.33,13.05,0.39
2025-03-28,3930.78,3915.17,3934.23,3907.38,126356214,213379194289.3,0.68,-0.44,-17.24,0.38
2025-03-31,3905.98,3887.31,3928.45,3872.4,166798523,268480316572.3,1.43,-0.71,-27.86,0.51
2025-04-01,3892.78,3887.68,3905.26,3882.4,140380274,246041674670.2,0.59,0.01,0.37,0.43
2025-04-02,3884.42,3884.39,3900.49,3877.16,113043175,198267515342.4,0.6,-0.08,-3.29,0.34
2025-04-03,3843.42,3861.5,3883.7,3843.42,142599789,263684681545.1,1.04,-0.59,-22.89,0.43
2025-04-07,3675.2,3589.44,3707.78,3514.12,312578586,512971787744.6,5.02,-7.05,-272.06,0.95
2025-04-08,3597.99,3650.76,3650.76,3583.87,280197312,464021087837.5,1.86,1.71,61.32,0.85
2025-04-09,3606.1,3686.79,3686.79,3587.34,262305708,455031069289.8,2.72,0.99,36.03,0.8
2025-04-10,3749.13,3735.12,3756.14,3708.82,227252227,403842564855.5,1.28,1.31,48.33,0.69
2025-04-11,3730.31,3750.52,3762.37,3708.46,168759691,318535141904.4,1.44,0.41,15.4,0.51
2025-04-14,3772.04,3759.14,3776.63,3754.03,164462403,292571297039.1,0.6,0.23,8.62,0.5
2025-04-15,3756.48,3761.23,3764.49,3737.85,134006040,228604621375.8,0.71,0.06,2.09,0.41
2025-04-16,3757.88,3772.82,3775.17,3721.6,156359006,261711094768.5,1.42,0.31,11.59,0.48
2025-04-17,3755.09,3772.22,3779.13,3749.5,122371002,209012323066.2,0.79,-0.02,-0.6,0.37
2025-04-18,3760.04,3772.52,3782.04,3754.41,102948509,173109384097.2,0.73,0.01,0.3,0.31
2025-04-21,3768.14,3784.88,3790.18,3763.14,121355730,208085677382.1,0.72,0.33,12.36,0.37
2025-04-22,3780.11,3783.95,3799.23,3778.08,125688257,210200698793.7,0.56,-0.02,-0.93,0.38
2025-04-23,3803.43,3786.88,3807.95,3780.52,131986870,247117386122.1,0.72,0.08,2.93,0.4
2025-04-24,3787.46,3784.36,3807.26,3775.21,117164560,205483051375.0,0.85,-0.07,-2.52,0.36
2025-04-25,3792.08,3786.99,3801.58,3780.78,124591133,220535052619.3,0.55,0.07,2.63,0.38
2025-04-28,3786.39,3781.62,3792.01,3772.8,125145091,210635318523.2,0.51,-0.14,-5.37,0.38
2025-04-29,3776.0,3775.08,3785.32,3768.03,111514694,197462744362.5,0.46,-0.17,-6.54,0.34
2025-04-30,3775.83,3770.57,3787.56,3768.76,143681658,244820462217.6,0.5,-0.12,-4.51,0.44
2025-05-06,3794.38,3808.54,3809.09,3782.78,158520459,267937090757.4,0.7,1.01,37.97,0.48
2025-05-07,3861.58,3831.63,3863.68,3814.99,161172299,286010735453.4,1.28,0.61,23.09,0.49
2025-05-08,3820.55,3852.9,3867.33,3816.26,124959833,246987280587.7,1.33,0.56,21.27,0.38
2025-05-09,3848.62,3846.16,3853.66,3836.53,119389526,216697939671.7,0.44,-0.17,-6.74,0.36
2025-05-12,3866.53,3890.61,3890.73,3859.03,153332460,296122947807.8,0.82,1.16,44.45,0.47
2025-05-13,3915.59,3896.26,3915.59,3890.69,147320299,267586397719.9,0.64,0.15,5.65,0.45
2025-05-14,3894.84,3943.21,3960.52,3890.65,172033779,319465226850.5,1.79,1.21,46.95,0.52
2025-05-15,3934.03,3907.2,3936.47,3904.91,138081749,241464943553.6,0.8,-0.91,-36.01,0.42
2025-05-16,3898.67,3889.09,3903.85,3874.86,118405345,208835664039.2,0.74,-0.46,-18.11,0.36
2025-05-19,3882.57,3877.15,3885.59,3866.57,98643414,184888170553.8,0.49,-0.31,-11.94,0.3
2025-05-20,3883.1,3898.17,3911.47,3881.74,104885234,201636702521.8,0.77,0.54,21.02,0.32
2025-05-21,3899.44,3916.38,3928.63,3899.44,109791343,217037739435.0,0.75,0.47,18.21,0.33
2025-05-22,3912.6,3913.87,3923.02,3903.09,107597052,197511410270.8,0.51,-0.06,-2.51,0.33
2025-05-23,3910.37,3882.27,3931.55,3882.27,120277419,232945378294.8,1.26,-0.81,-31.6,0.37
2025-05-26,3875.79,3860.11,3884.54,3849.04,109601207,208876792148.9,0.91,-0.57,-22.16,0.33
2025-05-27,3857.63,3839.4,3865.43,3834.85,98572425,178466763540.9,0.79,-0.54,-20.71,0.3
2025-05-28,3843.07,3836.24,3849.74,3833.96,89031026,162496372727.5,0.41,-0.08,-3.16,0.27
2025-05-29,3838.01,3858.7,3869.79,3831.46,108471886,209459602501.2,1.0,0.59,22.46,0.33
2025-05-30,3850.49,3840.23,3858.61,3829.25,111672228,199389751071.1,0.76,-0.48,-18.47,0.34
2025-06-03,3833.46,3852.01,3863.3,3832.72,131403090,226782772062.7,0.8,0.31,11.78,0.4
2025-06-04,3855.49,3868.74,3875.86,3855.49,116803873,211736178154.1,0.53,0.43,16.73,0.36
2025-06-05,3872.64,3877.56,3883.13,3861.27,122878184,231749275334.6,0.57,0.23,8.82,0.37
2025-06-06,3878.1,3873.98,3889.46,3869.39,110987971,202034736310.9,0.52,-0.09,-3.58,0.34
2025-06-09,3877.8,3885.25,3894.65,3871.99,136306293,262023668465.5,0.58,0.29,11.27,0.41
2025-06-10,3887.55,3865.47,3897.46,3850.47,145563859,263647551794.8,1.21,-0.51,-19.78,0.44
2025-06-11,3870.67,3894.63,3911.61,3870.67,142414772,257217704405.4,1.06,0.75,29.16,0.43
2025-06-12,3885.52,3892.2,3900.04,3870.38,133998697,260239581458.0,0.76,-0.06,-2.43,0.41
2025-06-13,3881.49,3864.18,3889.16,3853.82,172539536,309172346179.9,0.91,-0.72,-28.02,0.52
2025-06-16,3853.62,3873.8,3876.17,3853.62,137341835,246860982863.3,0.58,0.25,9.62,0.42
2025-06-17,3875.18,3870.38,3880.42,3860.41,122342526,220399818948.5,0.52,-0.09,-3.42,0.37
2025-06-18,3871.65,3874.97,3881.35,3854.66,127528621,230553858263.6,0.69,0.12,4.59,0.39
2025-06-19,3870.05,3843.09,3872.94,3834.95,130280658,234840180805.5,0.98,-0.82,-31.88,0.4
2025-06-20,3839.78,3846.64,3856.48,3839.78,118151020,213522822874.5,0.43,0.09,3.55,0.36
2025-06-23,3831.17,3857.9,3867.59,3827.08,133800892,232482215850.4,1.05,0.29,11.26,0.41
2025-06-24,3862.39,3904.03,3914.16,3862.39,163656188,294228720612.5,1.34,1.2,46.13,0.5
2025-06-25,3907.07,3960.07,3963.04,3902.18,187213671,361727254624.0,1.56,1.44,56.04,0.57
2025-06-26,3953.16,3946.02,3964.48,3945.26,165316263,328102847495.6,0.49,-0.35,-14.05,0.5
2025-06-27,3949.79,3921.76,3969.26,3918.2,194557913,343468229813.8,1.29,-0.61,-24.26,0.59
2025-06-30,3920.31,3936.08,3940.36,3911.6,145170236,288821434921.4,0.73,0.37,14.32,0.44
2025-07-01,3935.91,3942.76,3946.25,3924.72,128959362,236070338399.4,0.55,0.17,6.68,0.39
2025-07-02,3943.32,3943.68,3952.14,3929.7,147063062,246637847453.8,0.57,0.02,0.92,0.45
2025-07-03,3949.4,3968.07,3971.62,3945.14,141004006,269609569538.7,0.67,0.62,24.39,0.43
2025-07-04,3967.46,3982.2,4013.85,3958.38,157197133,290512992198.0,1.4,0.36,14.13,0.48
2025-07-07,3977.29,3965.17,3979.75,3956.57,131135273,225106992875.9,0.58,-0.43,-17.03,0.4
2025-07-08,3965.43,3998.45,4002.27,3965.43,156402895,292089834223.8,0.93,0.84,33.28,0.48
2025-07-09,3997.5,3991.4,4016.74,3987.43,173293796,305398796562.7,0.73,-0.18,-7.05,0.53
2025-07-10,3993.42,4010.02,4032.98,3992.52,209778904,347836703626.3,1.01,0.47,18.62,0.64
2025-07-11,4011.47,4014.81,4065.94,4010.11,262052773,443780794880.4,1.39,0.12,4.79,0.8
2025-07-14,4021.21,4017.67,4034.92,4017.67,207917175,321415945157.1,0.43,0.07,2.86,0.63
2025-07-15,4023.99,4019.06,4042.66,3994.26,191042931,353524574440.9,1.2,0.03,1.39,0.58
2025-07-16,4019.39,4007.2,4027.86,3993.92,151027308,300656795664.6,0.84,-0.3,-11.86,0.46
2025-07-17,4005.07,4034.49,4034.59,4005.07,161249041,325516865722.7,0.74,0.68,27.29,0.49
2025-07-18,4039.87,4058.55,4064.64,4039.32,186211063,354244444629.7,0.63,0.6,24.06,0.57
2025-07-21,4069.77,4085.61,4086.12,4063.44,223268476,377938564877.6,0.56,0.67,27.06,0.68
