日期,股票代码,开盘,收盘,最高,最低,成交量,成交额,振幅,涨跌幅,涨跌额,换手率
2025-01-02,601318,143.94,139.96,144.0,139.32,948579,4877807223.0,3.25,-2.7,-3.88,0.88
2025-01-03,601318,140.54,139.14,140.72,138.7,551352,2788346287.0,1.44,-0.59,-0.82,0.51
2025-01-06,601318,139.64,139.22,139.78,138.2,413490,2077171909.0,1.14,0.06,0.08,0.38
2025-01-07,601318,138.92,138.88,139.26,138.16,392787,1967557698.0,0.79,-0.24,-0.34,0.36
2025-01-08,601318,138.9,139.14,139.7,137.64,510383,2555823167.0,1.48,0.19,0.26,0.47
2025-01-09,601318,139.06,138.16,139.36,138.14,400821,2005089617.0,0.88,-0.7,-0.98,0.37
2025-01-10,601318,138.18,136.44,138.7,136.34,522704,2576373866.0,1.71,-1.24,-1.72,0.49
2025-01-13,601318,135.5,135.72,136.14,134.74,511393,2474824396.0,1.03,-0.53,-0.72,0.48
2025-01-14,601318,135.72,137.26,137.7,135.54,615774,3024006484.0,1.59,1.13,1.54,0.57
2025-01-15,601318,137.04,136.76,137.86,136.36,458029,2251226874.0,1.09,-0.36,-0.5,0.43
2025-01-16,601318,137.14,137.04,138.04,136.4,415761,2052212529.0,1.2,0.2,0.28,0.39
2025-01-17,601318,136.74,137.3,137.68,136.08,460747,2273441157.0,1.17,0.19,0.26,0.43
2025-01-20,601318,137.98,138.16,139.14,137.86,491736,2458746694.0,0.93,0.63,0.86,0.46
2025-01-21,601318,138.94,138.34,139.32,137.86,409951,2049216698.0,1.06,0.13,0.18,0.38
2025-01-22,601318,137.98,136.44,138.38,136.24,530780,2606595142.0,1.55,-1.37,-1.9,0.49
2025-01-23,601318,138.18,139.28,141.44,138.1,969105,4910872825.0,2.45,2.08,2.84,0.9
2025-01-24,601318,138.9,140.26,141.28,138.74,616779,3140198840.0,1.82,0.7,0.98,0.57
2025-01-27,601318,140.6,140.24,141.78,140.16,524547,2681560916.0,1.15,-0.01,-0.02,0.49
2025-02-05,601318,140.5,137.98,140.54,137.88,583072,2921528575.0,1.9,-1.61,-2.26,0.54
2025-02-06,601318,138.0,139.04,139.54,137.9,415037,2078321191.0,1.19,0.77,1.06,0.39
2025-02-07,601318,138.9,140.3,141.42,138.22,725812,3679372001.0,2.3,0.91,1.26,0.67
2025-02-10,601318,140.32,140.34,141.26,140.14,431815,2203839896.0,0.8,0.03,0.04,0.4
2025-02-11,601318,140.94,139.58,141.02,139.28,381844,1931993468.0,1.24,-0.54,-0.76,0.35
2025-02-12,601318,139.58,140.7,140.78,138.9,446994,2261445451.0,1.35,0.8,1.12,0.42
2025-02-13,601318,140.38,140.58,142.1,140.16,590363,3019334998.0,1.38,-0.09,-0.12,0.55
2025-02-14,601318,140.52,141.94,142.26,140.14,599772,3080098770.0,1.51,0.97,1.36,0.56
2025-02-17,601318,142.2,142.22,143.3,141.36,625710,3245003133.0,1.37,0.2,0.28,0.58
2025-02-18,601318,141.88,141.16,142.9,140.94,650082,3362664791.0,1.38,-0.75,-1.06,0.6
2025-02-19,601318,140.92,141.44,142.2,140.58,464426,2388611401.0,1.15,0.2,0.28,0.43
2025-02-20,601318,141.0,140.1,141.16,139.86,515385,2620444374.0,0.92,-0.95,-1.34,0.48
2025-02-21,601318,140.52,140.94,141.54,139.46,668761,3415352331.0,1.48,0.6,0.84,0.62
2025-02-24,601318,140.94,142.54,143.5,140.64,835823,4341042760.0,2.03,1.14,1.6,0.78
2025-02-25,601318,141.54,140.5,142.74,140.24,642429,3298896562.0,1.75,-1.43,-2.04,0.6
2025-02-26,601318,140.74,141.78,142.1,140.6,536578,2758370362.0,1.07,0.91,1.28,0.5
2025-02-27,601318,142.1,141.78,142.14,140.78,547240,2813972257.0,0.96,0.0,0.0,0.51
2025-02-28,601318,141.34,139.3,141.84,139.3,805268,4102825272.0,1.79,-1.75,-2.48,0.75
2025-03-03,601318,139.64,139.2,140.18,138.66,423161,2135730015.0,1.09,-0.07,-0.1,0.39
2025-03-04,601318,138.7,138.7,139.12,138.54,372432,1867141471.0,0.42,-0.36,-0.5,0.35
2025-03-05,601318,138.9,139.3,139.64,138.56,455072,2287766876.0,0.78,0.43,0.6,0.42
2025-03-06,601318,140.08,141.82,142.4,139.6,1045821,5369202399.0,2.01,1.81,2.52,0.97
2025-03-07,601318,141.74,141.54,142.22,141.18,481479,2481121736.0,0.73,-0.2,-0.28,0.45
2025-03-10,601318,141.56,141.04,141.86,140.1,611283,3121852670.0,1.24,-0.35,-0.5,0.57
2025-03-11,601318,139.96,141.54,141.54,139.74,529147,2702757544.0,1.28,0.35,0.5,0.49
2025-03-12,601318,141.54,140.84,141.74,140.56,470578,2410921164.0,0.83,-0.49,-0.7,0.44
2025-03-13,601318,140.84,140.82,141.64,140.4,411448,2107254552.0,0.88,-0.01,-0.02,0.38
2025-03-14,601318,141.2,145.48,146.32,140.96,1502449,7945017156.0,3.81,3.31,4.66,1.4
2025-03-17,601318,145.48,145.3,145.78,144.74,605172,3229662145.0,0.71,-0.12,-0.18,0.56
2025-03-18,601318,145.94,146.06,146.92,145.82,587740,3164655447.0,0.76,0.52,0.76,0.55
2025-03-19,601318,145.9,146.68,147.14,145.68,509874,2751845206.0,1.0,0.42,0.62,0.47
2025-03-20,601318,146.64,143.52,146.66,143.0,1140723,6007424559.0,2.5,-2.15,-3.16,1.06
2025-03-21,601318,143.34,142.04,143.86,141.9,795715,4145943295.0,1.37,-1.03,-1.48,0.74
2025-03-24,601318,142.18,142.8,143.1,142.18,508657,2646991166.0,0.65,0.54,0.76,0.47
2025-03-25,601318,142.84,142.46,142.96,142.18,344402,1790739699.0,0.55,-0.24,-0.34,0.32
2025-03-26,601318,142.5,141.98,142.72,141.98,403995,2094936176.0,0.52,-0.34,-0.48,0.38
2025-03-27,601318,141.96,142.66,143.44,141.6,432169,2248679011.0,1.3,0.48,0.68,0.4
2025-03-28,601318,142.94,142.46,143.28,142.24,353664,1841078406.0,0.73,-0.14,-0.2,0.33
2025-03-31,601318,142.34,141.8,143.04,141.32,468390,2423816080.0,1.21,-0.46,-0.66,0.44
2025-04-01,601318,141.74,141.78,142.26,141.36,394321,2035352505.0,0.63,-0.01,-0.02,0.37
2025-04-02,601318,141.7,142.26,142.46,141.6,283274,1467236071.0,0.61,0.34,0.48,0.26
2025-04-03,601318,141.32,141.5,142.54,141.3,373348,1927750540.0,0.87,-0.53,-0.76,0.35
2025-04-07,601318,137.14,135.66,138.08,132.54,1727558,8362219629.0,3.92,-4.13,-5.84,1.61
2025-04-08,601318,135.64,137.06,137.06,134.74,1117530,5446468218.0,1.71,1.03,1.4,1.04
2025-04-09,601318,136.14,136.4,137.04,135.26,737907,3604799242.0,1.3,-0.48,-0.66,0.69
2025-04-10,601318,137.26,137.5,138.14,136.96,657915,3258096138.0,0.87,0.81,1.1,0.61
2025-04-11,601318,137.5,137.24,137.62,136.5,450121,2216984586.0,0.81,-0.19,-0.26,0.42
2025-04-14,601318,137.74,137.5,138.24,137.42,387484,1922228962.0,0.6,0.19,0.26,0.36
2025-04-15,601318,137.5,138.2,138.48,137.06,407762,2021902572.0,1.03,0.51,0.7,0.38
2025-04-16,601318,137.98,138.3,138.88,137.34,467924,2323052330.0,1.11,0.07,0.1,0.43
2025-04-17,601318,137.92,138.86,139.1,137.7,377043,1884423296.0,1.01,0.4,0.56,0.35
2025-04-18,601318,138.64,139.42,139.86,138.44,338811,1706307228.0,1.02,0.4,0.56,0.31
2025-04-21,601318,139.34,139.1,139.76,138.94,263784,1329681852.0,0.59,-0.23,-0.32,0.25
2025-04-22,601318,138.94,139.68,140.12,138.78,355098,1793621626.0,0.96,0.42,0.58,0.33
2025-04-23,601318,140.06,139.94,140.44,139.46,298773,1515452317.0,0.7,0.19,0.26,0.28
2025-04-24,601318,139.94,140.98,141.5,139.94,423839,2170142049.0,1.11,0.74,1.04,0.39
2025-04-25,601318,141.02,141.2,141.72,140.98,368499,1894916291.0,0.52,0.16,0.22,0.34
2025-04-28,601318,139.38,140.96,141.22,138.6,518666,2632952959.0,1.86,-0.17,-0.24,0.48
2025-04-29,601318,140.88,140.54,141.82,140.26,337540,1725062887.0,1.11,-0.3,-0.42,0.31
2025-04-30,601318,140.74,139.96,141.64,139.9,377944,1927976843.0,1.24,-0.41,-0.58,0.35
2025-05-06,601318,140.54,140.14,140.84,139.64,391512,1992284115.0,0.86,0.13,0.18,0.36
2025-05-07,601318,141.38,140.9,141.8,140.6,420640,2156676084.0,0.86,0.54,0.76,0.39
2025-05-08,601318,140.56,142.46,143.24,140.34,671350,3487932290.0,2.06,1.11,1.56,0.62
2025-05-09,601318,142.36,142.04,142.86,142.04,290709,1507958915.0,0.58,-0.29,-0.42,0.27
2025-05-12,601318,143.0,143.74,144.04,142.54,577372,3028226079.0,1.06,1.2,1.7,0.54
2025-05-13,601318,144.12,143.46,144.12,143.04,403920,2117089329.0,0.75,-0.19,-0.28,0.38
2025-05-14,601318,143.44,147.92,148.9,143.22,1577230,8541172666.0,3.96,3.11,4.46,1.47
2025-05-15,601318,147.32,147.04,148.14,146.74,569303,3095268721.0,0.95,-0.59,-0.88,0.53
2025-05-16,601318,146.64,145.32,147.42,145.3,466130,2499109899.0,1.44,-1.17,-1.72,0.43
2025-05-19,601318,145.12,145.14,146.0,144.94,324266,1730493312.0,0.73,-0.12,-0.18,0.3
2025-05-20,601318,145.44,145.9,146.9,145.34,352669,1895934592.0,1.07,0.52,0.76,0.33
2025-05-21,601318,145.94,146.24,147.34,145.94,333066,1800759244.0,0.96,0.23,0.34,0.31
2025-05-22,601318,146.06,146.22,146.52,145.6,240658,1294403114.0,0.63,-0.01,-0.02,0.22
2025-05-23,601318,146.16,145.0,147.46,144.88,430491,2314052457.0,1.76,-0.83,-1.22,0.4
2025-05-26,601318,144.86,145.34,146.84,144.54,388130,2078107531.0,1.59,0.23,0.34,0.36
2025-05-27,601318,145.34,145.34,146.26,145.14,255725,1368911112.0,0.77,0.0,0.0,0.24
2025-05-28,601318,145.34,145.12,145.92,144.78,261698,1396312012.0,0.78,-0.15,-0.22,0.24
2025-05-29,601318,145.14,145.58,146.2,144.72,348683,1868004330.0,1.02,0.32,0.46,0.32
2025-05-30,601318,145.28,145.1,145.92,144.24,417239,2221553128.0,1.15,-0.33,-0.48,0.39
2025-06-03,601318,144.96,146.24,146.76,144.54,453738,2430686987.0,1.53,0.79,1.14,0.42
2025-06-04,601318,145.76,146.06,146.84,145.76,430897,2322941429.0,0.74,-0.12,-0.18,0.4
2025-06-05,601318,146.08,146.52,146.9,145.86,419100,2260023900.0,0.71,0.31,0.46,0.39
2025-06-06,601318,146.54,145.36,146.78,145.24,408553,2191002621.0,1.05,-0.79,-1.16,0.38
2025-06-09,601318,145.64,145.98,146.42,145.54,397887,2137162081.0,0.61,0.43,0.62,0.37
2025-06-10,601318,145.96,145.4,146.74,145.16,467079,2510066317.0,1.08,-0.4,-0.58,0.43
2025-06-11,601318,145.34,147.46,147.84,145.34,681830,3704026068.0,1.72,1.42,2.06,0.63
2025-06-12,601318,147.14,148.16,149.2,146.6,589999,3231103730.0,1.76,0.47,0.7,0.55
2025-06-13,601318,148.2,147.5,148.34,147.1,480229,2616565694.0,0.84,-0.45,-0.66,0.45
2025-06-16,601318,147.2,147.18,147.7,146.66,496771,2697778320.0,0.71,-0.22,-0.32,0.46
2025-06-17,601318,147.14,147.0,147.56,146.42,506289,2745763183.0,0.77,-0.12,-0.18,0.47
2025-06-18,601318,146.9,146.16,147.1,145.14,469364,2518852918.0,1.33,-0.57,-0.84,0.44
2025-06-19,601318,145.92,144.94,146.14,144.78,401881,2143533731.0,0.93,-0.83,-1.22,0.37
2025-06-20,601318,144.92,148.02,148.26,144.92,847430,4606219515.0,2.3,2.13,3.08,0.79
2025-06-23,601318,147.54,148.74,149.04,147.06,614705,3373267494.0,1.34,0.49,0.72,0.57
2025-06-24,601318,148.96,152.12,152.48,148.94,1040798,5873914857.0,2.38,2.27,3.38,0.97
2025-06-25,601318,152.14,154.3,154.54,151.7,1046131,5998384734.0,1.87,1.43,2.18,0.97
2025-06-26,601318,154.12,153.7,154.7,153.48,500740,2888896788.0,0.79,-0.39,-0.6,0.47
2025-06-27,601318,153.7,152.46,154.8,151.76,667632,3832894682.0,1.98,-0.81,-1.24,0.62
2025-06-30,601318,152.75,152.71,153.65,152.01,564782,3133724720.0,1.08,0.16,0.25,0.52
2025-07-01,601318,153.07,153.15,153.53,152.35,352746,1961556961.0,0.77,0.29,0.44,0.33
2025-07-02,601318,153.15,153.37,153.77,152.45,395629,2204210316.0,0.86,0.14,0.22,0.37
2025-07-03,601318,153.55,153.35,154.15,153.07,325101,1817404362.0,0.7,-0.01,-0.02,0.3
2025-07-04,601318,153.15,154.89,156.53,152.61,654544,3695501729.0,2.56,1.0,1.54,0.61
2025-07-07,601318,154.93,154.61,155.35,153.87,321763,1813966809.0,0.96,-0.18,-0.28,0.3
2025-07-08,601318,154.55,154.65,155.31,153.97,343460,1939149952.0,0.87,0.03,0.04,0.32
2025-07-09,601318,154.65,153.55,155.31,153.51,395463,2223715808.0,1.16,-0.71,-1.1,0.37
2025-07-10,601318,153.55,156.01,156.91,153.37,828882,4726621457.0,2.31,1.6,2.46,0.77
2025-07-11,601318,155.75,157.17,159.79,155.67,1076429,6269330973.0,2.64,0.74,1.16,1.0
2025-07-14,601318,157.13,156.89,158.23,156.89,449058,2598863547.0,0.85,-0.18,-0.28,0.42
2025-07-15,601318,157.25,155.95,157.67,155.71,441726,2535144762.0,1.25,-0.6,-0.94,0.41
2025-07-16,601318,156.09,155.41,156.23,154.17,481825,2728239344.0,1.32,-0.35,-0.54,0.45
2025-07-17,601318,155.15,155.37,155.87,155.11,277123,1575012870.0,0.49,-0.03,-0.04,0.26
2025-07-18,601318,155.65,155.89,156.65,155.47,436240,2492884493.0,0.76,0.33,0.52,0.41
2025-07-21,601318,156.05,156.13,157.25,155.55,466733,2671242929.0,1.09,0.15,0.24,0.43
